"Category","NormId","VariantKind","OutputFile","Width","Height","SourceId","DumpHash","ContentHash","SourceFiles"
"Body_Clothes","C084012","ColorAlt_P2","C:\Users\dish\projects\NewFighingVipers\Reference\OriginalAssets\Textures\FightingVipers\Honey\Honey_Master_TextureSet\ColorAlt_P2\Body_Clothes\C084012_F753BC1F.png","128","128","C084012","F753BC1F","A75BC1D7A0CD88C3203A9ACB051C2C8668DB6E2421CFF1ADF4757AB548176014","HistoricalSource/TEXCACHE_20260403_BackStandThenKnockdown/C084012_F753BC1F.png | Resources/M2emulator/TEXCACHE/C084012_F753BC1F.png"
"Body_Clothes","8086012","Main","C:\Users\dish\projects\NewFighingVipers\Reference\OriginalAssets\Textures\FightingVipers\Honey\Honey_Master_TextureSet\Main\Body_Clothes\S1_Intro_18086012_57325629.png","128","128","18086012","57325629","1C9223C87494F8FE9012CE18D48B3C397CA941EBD645BC1A874385EE0673803F","HistoricalSource/Honey_TextureSet_S1_S3/Body_Clothes/S1_Intro_18086012_57325629.png | HistoricalSource/Honey_TextureSet_S1_S3/Body_Clothes/S3_SideAtk_8086012_57325629.png | HistoricalSource/TEXCACHE_SORTED/Honey_Selected_Textures/Body_Clothes/Intro_18086012_57325629.png | HistoricalSource/Honey_P1P2_MirrorMatch_2224/RawDump/18086012_57325629.png | HistoricalSource/Honey_P1P2_MirrorMatch_2224/RawDump/8086012_57325629.png"
"Body_Clothes","80C6012","Main","C:\Users\dish\projects\NewFighingVipers\Reference\OriginalAssets\Textures\FightingVipers\Honey\Honey_Master_TextureSet\Main\Body_Clothes\S1_Intro_180C6012_2AADE22B.png","128","128","180C6012","2AADE22B","75F20DBC9A518AB5B2E8A781CECB20D9E79DCB9C59BDB08CA5414E9EE6FAAF61","HistoricalSource/Honey_TextureSet_S1_S3/Body_Clothes/S1_Intro_180C6012_2AADE22B.png | HistoricalSource/Honey_TextureSet_S1_S3/Body_Clothes/S3_SideAtk_80C6012_2AADE22B.png | HistoricalSource/TEXCACHE_SORTED/Honey_Selected_Textures/Body_Clothes/Intro_180C6012_2AADE22B.png | HistoricalSource/Honey_P1P2_MirrorMatch_2224/RawDump/180C6012_2AADE22B.png | HistoricalSource/Honey_P1P2_MirrorMatch_2224/RawDump/80C6012_7D10C802.png"
"Body_Clothes","90C6012","Main","C:\Users\dish\projects\NewFighingVipers\Reference\OriginalAssets\Textures\FightingVipers\Honey\Honey_Master_TextureSet\Main\Body_Clothes\S1_Intro_190C6012_70195C43.png","128","128","190C6012","70195C43","7DFD677252F4F8C4F282B1DFC51EDD7BCFC41BA23EA8E478B8D74CB060CBC281","HistoricalSource/Honey_TextureSet_S1_S3/Body_Clothes/S1_Intro_190C6012_70195C43.png | HistoricalSource/Honey_TextureSet_S1_S3/Body_Clothes/S3_SideAtk_90C6012_70195C43.png | HistoricalSource/TEXCACHE_SORTED/Honey_Selected_Textures/Body_Clothes/Intro_190C6012_70195C43.png | HistoricalSource/Honey_P1P2_MirrorMatch_2224/RawDump/190C6012_70195C43.png | HistoricalSource/Honey_P1P2_MirrorMatch_2224/RawDump/90C6012_9595F2F.png"
"Body_Clothes","A024011","Main","C:\Users\dish\projects\NewFighingVipers\Reference\OriginalAssets\Textures\FightingVipers\Honey\Honey_Master_TextureSet\Main\Body_Clothes\1A024011_69BEAF41.png","64","128","1A024011","69BEAF41","73503332D1C01E51185F7EBCEBA72A31CE9557F6D16067159F6477C89B7DB70F","HistoricalSource/Honey_P1P2_MirrorMatch_2224/RawDump/1A024011_69BEAF41.png | HistoricalSource/Honey_P1P2_MirrorMatch_2224/RawDump/A024011_69BEAF41.png"
"Body_Clothes","A044011","Main","C:\Users\dish\projects\NewFighingVipers\Reference\OriginalAssets\Textures\FightingVipers\Honey\Honey_Master_TextureSet\Main\Body_Clothes\1A044011_361B28F.png","64","128","1A044011","361B28F","1B73BCE74BFF0A91A2AB2C2685FDFB03D7CA513D2B257818068120670FA89075","HistoricalSource/Honey_P1P2_MirrorMatch_2224/RawDump/1A044011_361B28F.png | HistoricalSource/Honey_P1P2_MirrorMatch_2224/RawDump/A044011_361B28F.png"
"Body_Clothes","A064011","Main","C:\Users\dish\projects\NewFighingVipers\Reference\OriginalAssets\Textures\FightingVipers\Honey\Honey_Master_TextureSet\Main\Body_Clothes\1A064011_902BB083.png","64","128","1A064011","902BB083","7465731AE9205FDE01E0308EB9E4814255E6E727BEEDE72DFF3BA1BABB7BB4EF","HistoricalSource/Honey_P1P2_MirrorMatch_2224/RawDump/1A064011_902BB083.png | HistoricalSource/Honey_P1P2_MirrorMatch_2224/RawDump/A064011_902BB083.png"
"Body_Clothes","A084012","Main","C:\Users\dish\projects\NewFighingVipers\Reference\OriginalAssets\Textures\FightingVipers\Honey\Honey_Master_TextureSet\Main\Body_Clothes\A084012_A91CC84B.png","128","128","A084012","A91CC84B","E9424AC2883FD45161D6EB502024CD1A08F9A07CB0F063EC84755A27A5810EE1","HistoricalSource/TEXCACHE_20260403_BackStandThenKnockdown/A084012_A91CC84B.png | Resources/M2emulator/TEXCACHE/A084012_A91CC84B.png"
"Body_Clothes","B004011","Main","C:\Users\dish\projects\NewFighingVipers\Reference\OriginalAssets\Textures\FightingVipers\Honey\Honey_Master_TextureSet\Main\Body_Clothes\1B004011_A7FE080B.png","64","128","1B004011","A7FE080B","8C0BA0DA975D9BC389B4BF972A885B1B771D615332642260F6D52DC60AB903EE","HistoricalSource/Honey_P1P2_MirrorMatch_2224/RawDump/1B004011_A7FE080B.png | HistoricalSource/Honey_P1P2_MirrorMatch_2224/RawDump/B004011_A7FE080B.png"
"Body_Clothes","B024011","Main","C:\Users\dish\projects\NewFighingVipers\Reference\OriginalAssets\Textures\FightingVipers\Honey\Honey_Master_TextureSet\Main\Body_Clothes\1B024011_FC9E8F47.png","64","128","1B024011","FC9E8F47","E878B483034BFF57A8876FF357443995D8E041B5F4C252C2741E833BCE736D80","HistoricalSource/Honey_P1P2_MirrorMatch_2224/RawDump/1B024011_FC9E8F47.png | HistoricalSource/Honey_P1P2_MirrorMatch_2224/RawDump/B024011_FC9E8F47.png"
"Body_Clothes","B084012","Main","C:\Users\dish\projects\NewFighingVipers\Reference\OriginalAssets\Textures\FightingVipers\Honey\Honey_Master_TextureSet\Main\Body_Clothes\S3_SideAtk_1B084012_91377994.png","128","128","1B084012","91377994","F0DEC27AA2E1C4BF4CF5D4ABBECBC70007F5FF4A6C3594890A34320F7D4E7B95","HistoricalSource/Honey_TextureSet_S1_S3/Body_Clothes/S3_SideAtk_1B084012_91377994.png | HistoricalSource/TEXCACHE_SORTED/Honey_Selected_Textures/Body_Clothes/VS_1B084012_91377994.png"
"Body_Clothes","B0C4011","Main","C:\Users\dish\projects\NewFighingVipers\Reference\OriginalAssets\Textures\FightingVipers\Honey\Honey_Master_TextureSet\Main\Body_Clothes\1B0C4011_D7F2316B.png","64","128","1B0C4011","D7F2316B","01F4104FDBE7ABDA11F917754B04562969AE923581ECF63BBE826E452C80066D","HistoricalSource/TEXCACHE_20260403_SideActionsSevenState/1B0C4011_D7F2316B.png | HistoricalSource/TEXCACHE_20260403_SideActionsSevenState/B0C4011_D7F2316B.png | Resources/M2emulator/TEXCACHE/1B0C4011_D7F2316B.png | Resources/M2emulator/TEXCACHE/B0C4011_D7F2316B.png"
"Body_Clothes","B144012","Main","C:\Users\dish\projects\NewFighingVipers\Reference\OriginalAssets\Textures\FightingVipers\Honey\Honey_Master_TextureSet\Main\Body_Clothes\S1_Intro_B144012_30C584D6.png","128","128","B144012","30C584D6","AA7B42A38CFE1DA2CB95547A95360C18EE0D21F327125270CDD3DB22F04DE848","HistoricalSource/Honey_TextureSet_S1_S3/Body_Clothes/S1_Intro_B144012_30C584D6.png | HistoricalSource/TEXCACHE_SORTED/Honey_Selected_Textures/Body_Clothes/Intro_B144012_30C584D6.png"
"Body_Clothes","C004011","Main","C:\Users\dish\projects\NewFighingVipers\Reference\OriginalAssets\Textures\FightingVipers\Honey\Honey_Master_TextureSet\Main\Body_Clothes\1C004011_3E62E965.png","64","128","1C004011","3E62E965","2141F7C0A342A271BAEDF5130278C4B37C747C8D25757A94D76E8D42120192D2","HistoricalSource/Honey_P1P2_MirrorMatch_2224/RawDump/1C004011_3E62E965.png | HistoricalSource/Honey_P1P2_MirrorMatch_2224/RawDump/C004011_3E62E965.png"
"Body_Clothes","C024011","Main","C:\Users\dish\projects\NewFighingVipers\Reference\OriginalAssets\Textures\FightingVipers\Honey\Honey_Master_TextureSet\Main\Body_Clothes\1C024011_646971D7.png","64","128","1C024011","646971D7","CE01C67437BEF4D3F23165ABE497BB8218158E9D674E760D661E70530374C24B","HistoricalSource/Honey_P1P2_MirrorMatch_2224/RawDump/1C024011_646971D7.png | HistoricalSource/Honey_P1P2_MirrorMatch_2224/RawDump/C024011_646971D7.png"
"Body_Clothes","C054010","Main","C:\Users\dish\projects\NewFighingVipers\Reference\OriginalAssets\Textures\FightingVipers\Honey\Honey_Master_TextureSet\Main\Body_Clothes\1C054010_E2EB3C6D.png","32","128","1C054010","E2EB3C6D","2E7EA99FFFC6E18CE142E6EFFC3D268267000DECC49CCF63A1EEF2497367FC26","HistoricalSource/TEXCACHE_20260403_SideActionsSevenState/1C054010_E2EB3C6D.png | HistoricalSource/TEXCACHE_20260403_SideActionsSevenState/C054010_E2EB3C6D.png | Resources/M2emulator/TEXCACHE/1C054010_E2EB3C6D.png | Resources/M2emulator/TEXCACHE/C054010_E2EB3C6D.png"
"Body_Clothes","C084012","Main","C:\Users\dish\projects\NewFighingVipers\Reference\OriginalAssets\Textures\FightingVipers\Honey\Honey_Master_TextureSet\Main\Body_Clothes\1C084012_92ED9642.png","128","128","1C084012","92ED9642","AADD66A1E8A28B979910ED474E825EDC74FDEBCA6D17587747F2CA37BC060D1F","HistoricalSource/TEXCACHE_20260403_BackStandThenKnockdown/1C084012_92ED9642.png | Resources/M2emulator/TEXCACHE/1C084012_92ED9642.png"
"Body_Clothes","C0C6012","Main","C:\Users\dish\projects\NewFighingVipers\Reference\OriginalAssets\Textures\FightingVipers\Honey\Honey_Master_TextureSet\Main\Body_Clothes\1C0C6012_C202B3F.png","128","128","1C0C6012","C202B3F","3642FD286274345353F41F4B41419CD611B0E798568DD2C963EA6B51EF43390F","HistoricalSource/TEXCACHE_20260403_SideActionsSevenState/1C0C6012_C202B3F.png | HistoricalSource/TEXCACHE_20260403_SideActionsSevenState/C0C6012_C202B3F.png | Resources/M2emulator/TEXCACHE/1C0C6012_C202B3F.png | Resources/M2emulator/TEXCACHE/C0C6012_C202B3F.png"
"Body_Clothes","C106012","Main","C:\Users\dish\projects\NewFighingVipers\Reference\OriginalAssets\Textures\FightingVipers\Honey\Honey_Master_TextureSet\Main\Body_Clothes\1C106012_3D6AB115.png","128","128","1C106012","3D6AB115","066DA8A3FF3EBF9632F8D55F9B26DE23FE21B01850CEB17C57403CC634DE6F41","HistoricalSource/TEXCACHE_20260403_BackStandThenKnockdown/1C106012_3D6AB115.png | Resources/M2emulator/TEXCACHE/1C106012_3D6AB115.png"
"Body_Clothes","D004012","Main","C:\Users\dish\projects\NewFighingVipers\Reference\OriginalAssets\Textures\FightingVipers\Honey\Honey_Master_TextureSet\Main\Body_Clothes\S1_Intro_1D004012_AF325A14.png","128","128","1D004012","AF325A14","EC7EE9C4F90C7A3ED3698C5E9F2D46ACAF421C269D8837A34E41130B4BB8607C","HistoricalSource/Honey_TextureSet_S1_S3/Body_Clothes/S1_Intro_1D004012_AF325A14.png | HistoricalSource/Honey_TextureSet_S1_S3/Body_Clothes/S3_SideAtk_D004012_AF325A14.png | HistoricalSource/TEXCACHE_SORTED/Honey_Selected_Textures/Body_Clothes/Intro_1D004012_AF325A14.png | HistoricalSource/TEXCACHE_SORTED/Honey_Selected_Textures/Body_Clothes/VS_D004012_AF325A14.png | HistoricalSource/Honey_P1P2_MirrorMatch_2224/RawDump/1D004012_AF325A14.png | HistoricalSource/Honey_P1P2_MirrorMatch_2224/RawDump/D004012_AF325A14.png"
"Body_Clothes","D044012","Main","C:\Users\dish\projects\NewFighingVipers\Reference\OriginalAssets\Textures\FightingVipers\Honey\Honey_Master_TextureSet\Main\Body_Clothes\S1_Intro_1D044012_53BBD44A.png","128","128","1D044012","53BBD44A","0784626E2D962B677258AA50C49B59A79F0457C7DA9A528D6F2F018F6CC3D965","HistoricalSource/Honey_TextureSet_S1_S3/Body_Clothes/S1_Intro_1D044012_53BBD44A.png | HistoricalSource/Honey_TextureSet_S1_S3/Body_Clothes/S3_SideAtk_D044012_53BBD44A.png | HistoricalSource/TEXCACHE_SORTED/Honey_Selected_Textures/Body_Clothes/Intro_1D044012_53BBD44A.png | HistoricalSource/TEXCACHE_SORTED/Honey_Selected_Textures/Body_Clothes/VS_D044012_53BBD44A.png | HistoricalSource/Honey_P1P2_MirrorMatch_2224/RawDump/1D044012_53BBD44A.png | HistoricalSource/Honey_P1P2_MirrorMatch_2224/RawDump/D044012_53BBD44A.png"
"Body_Clothes","D084012","Main","C:\Users\dish\projects\NewFighingVipers\Reference\OriginalAssets\Textures\FightingVipers\Honey\Honey_Master_TextureSet\Main\Body_Clothes\1D084012_F84F5770.png","128","128","1D084012","F84F5770","9A4FADB9FC1DDE64EC717EE406B1769B9713C688A29363AA1BB026154555D7A6","HistoricalSource/TEXCACHE_20260403_BackStandThenKnockdown/1D084012_F84F5770.png | Resources/M2emulator/TEXCACHE/1D084012_F84F5770.png"
"Body_Clothes","D0C6012","Main","C:\Users\dish\projects\NewFighingVipers\Reference\OriginalAssets\Textures\FightingVipers\Honey\Honey_Master_TextureSet\Main\Body_Clothes\S1_Intro_1D0C6012_230550FE.png","128","128","1D0C6012","230550FE","5AACB60F4F1FA60E2333331F1BF2FA839052ECDA9453773EB1464A2B1840A106","HistoricalSource/Honey_TextureSet_S1_S3/Body_Clothes/S1_Intro_1D0C6012_230550FE.png | HistoricalSource/Honey_TextureSet_S1_S3/Body_Clothes/S3_SideAtk_D0C6012_230550FE.png | HistoricalSource/TEXCACHE_SORTED/Honey_Selected_Textures/Body_Clothes/Intro_1D0C6012_230550FE.png | HistoricalSource/Honey_P1P2_MirrorMatch_2224/RawDump/1D0C6012_230550FE.png | HistoricalSource/Honey_P1P2_MirrorMatch_2224/RawDump/D0C6012_230550FE.png"
"Body_Clothes","E044012","Main","C:\Users\dish\projects\NewFighingVipers\Reference\OriginalAssets\Textures\FightingVipers\Honey\Honey_Master_TextureSet\Main\Body_Clothes\E044012_11D409BF.png","128","128","E044012","11D409BF","13328178A1EBBF37D9053C5D77E86DADE642E3A93CD05E88ACC6C5F36B8CB4BD","HistoricalSource/TEXCACHE_20260403_BackStandThenKnockdown/E044012_11D409BF.png | Resources/M2emulator/TEXCACHE/E044012_11D409BF.png"
"Body_Clothes","F044012","Main","C:\Users\dish\projects\NewFighingVipers\Reference\OriginalAssets\Textures\FightingVipers\Honey\Honey_Master_TextureSet\Main\Body_Clothes\S3_SideAtk_1F044012_8775D2A4.png","128","128","1F044012","8775D2A4","A37FBC322BF00EEA16F5434ED987A95A79059A26BDF88DD621D3D12F31AEDF76","HistoricalSource/Honey_TextureSet_S1_S3/Body_Clothes/S3_SideAtk_1F044012_8775D2A4.png | HistoricalSource/TEXCACHE_SORTED/Honey_Selected_Textures/Body_Clothes/VS_1F044012_8775D2A4.png"
"Face","9104012","ColorAlt_P2","C:\Users\dish\projects\NewFighingVipers\Reference\OriginalAssets\Textures\FightingVipers\Honey\Honey_Master_TextureSet\ColorAlt_P2\Face\P2_9104012_8D904D01.png","128","128","9104012","8D904D01","0E43A72F7B97A39C9C50AF8A1EA756E539B0ABB1952FF0834C8A9BB42A6BCDE2","HistoricalSource/Honey_P1P2_MirrorMatch_2224/RawDump/9104012_8D904D01.png"
"Face","8926009","Main","C:\Users\dish\projects\NewFighingVipers\Reference\OriginalAssets\Textures\FightingVipers\Honey\Honey_Master_TextureSet\Main\Face\8926009_DB3BD774.png","64","64","8926009","DB3BD774","656084DF982400AC19E5E2117B64F8E24113890BAA986CF49D5FD9B9B7E08C10","_IncomingDumpAuto/20260403_135952_810_HoneyRun01_B0016/RawDump/8926009_DB3BD774.png | _IncomingDumpAuto/20260403_140027_827_HoneyRun01_B0017/RawDump/8926009_DB3BD774.png | _IncomingDumpAuto/20260403_140034_279_HoneyRun01_B0018/RawDump/8926009_DB3BD774.png | _IncomingDumpAuto/20260403_140040_245_HoneyRun01_B0019/RawDump/8926009_DB3BD774.png | _IncomingDumpAuto/20260403_140046_190_HoneyRun01_B0020/RawDump/8926009_DB3BD774.png | _IncomingDumpAuto/20260403_140053_656_HoneyRun01_B0021/RawDump/8926009_DB3BD774.png"
"Face","9104012","Main","C:\Users\dish\projects\NewFighingVipers\Reference\OriginalAssets\Textures\FightingVipers\Honey\Honey_Master_TextureSet\Main\Face\S1_Intro_19104012_A8276D0E.png","128","128","19104012","A8276D0E","CBEF6ABD3C3BABC1F6D94A6A614F2C11C1A1A2EB1A30F9A31EE257F84F8A790F","HistoricalSource/Honey_TextureSet_S1_S3/Face/S1_Intro_19104012_A8276D0E.png | HistoricalSource/TEXCACHE_SORTED/Honey_Selected_Textures/Face/Intro_19104012_A8276D0E.png | HistoricalSource/Honey_P1P2_MirrorMatch_2224/RawDump/19104012_A8276D0E.png"
"Face","A0D4008","Main","C:\Users\dish\projects\NewFighingVipers\Reference\OriginalAssets\Textures\FightingVipers\Honey\Honey_Master_TextureSet\Main\Face\1A0D4008_1C1C23BC.png","32","64","1A0D4008","1C1C23BC","A7CF116387783C6DBE02BF0C26C1E97330A0E9A2C413D4C513B123317A207168","HistoricalSource/TEXCACHE_20260403_BackStandThenKnockdown/1A0D4008_1C1C23BC.png | Resources/M2emulator/TEXCACHE/1A0D4008_1C1C23BC.png"
"Face","A906009","Main","C:\Users\dish\projects\NewFighingVipers\Reference\OriginalAssets\Textures\FightingVipers\Honey\Honey_Master_TextureSet\Main\Face\1A906009_995D71F.png","64","64","1A906009","995D71F","7D6E1AC5923E51A016F93C346E668E51711C691BA2576B47C1027BB76844CDF2","HistoricalSource/TEXCACHE_20260403_SideActionsSevenState/1A906009_995D71F.png | HistoricalSource/TEXCACHE_20260403_SideActionsSevenState/A906009_995D71F.png | Resources/M2emulator/TEXCACHE/1A906009_995D71F.png | Resources/M2emulator/TEXCACHE/A906009_995D71F.png"
"Face","A926009","Main","C:\Users\dish\projects\NewFighingVipers\Reference\OriginalAssets\Textures\FightingVipers\Honey\Honey_Master_TextureSet\Main\Face\1A926009_D90EE8A8.png","64","64","1A926009","D90EE8A8","442AD1FB9B9242832897911CC4BFCF19AD3416461D278284601CB8E4675BB4E8","HistoricalSource/TEXCACHE_20260403_SideActionsSevenState/1A926009_D90EE8A8.png | HistoricalSource/TEXCACHE_20260403_SideActionsSevenState/A926009_D90EE8A8.png | Resources/M2emulator/TEXCACHE/1A926009_D90EE8A8.png | Resources/M2emulator/TEXCACHE/A926009_D90EE8A8.png"
"Face","E884008","Main","C:\Users\dish\projects\NewFighingVipers\Reference\OriginalAssets\Textures\FightingVipers\Honey\Honey_Master_TextureSet\Main\Face\E884008_143B065B.png","32","64","E884008","143B065B","A7CF116387783C6DBE02BF0C26C1E97330A0E9A2C413D4C513B123317A207168","HistoricalSource/TEXCACHE_20260403_BackStandThenKnockdown/E884008_143B065B.png | Resources/M2emulator/TEXCACHE/E884008_143B065B.png"
"Hair","8106013","ColorAlt_P2","C:\Users\dish\projects\NewFighingVipers\Reference\OriginalAssets\Textures\FightingVipers\Honey\Honey_Master_TextureSet\ColorAlt_P2\Hair\P2_8106013_C9A09A3B.png","256","128","8106013","C9A09A3B","5BB887F9D92A7D084B7E85EADB2D73719A89ACDB5EA1C508E7EF87B9F144037B","HistoricalSource/Honey_P1P2_MirrorMatch_2224/RawDump/8106013_C9A09A3B.png"
"Hair","9144012","ColorAlt_P2","C:\Users\dish\projects\NewFighingVipers\Reference\OriginalAssets\Textures\FightingVipers\Honey\Honey_Master_TextureSet\ColorAlt_P2\Hair\P2_9144012_4D731AE8.png","128","128","9144012","4D731AE8","001A6D4CFBCA727E84B2B5BF573426D377EEFD24696788839C37F480F770870C","HistoricalSource/Honey_P1P2_MirrorMatch_2224/RawDump/9144012_4D731AE8.png"
"Hair","8106013","Main","C:\Users\dish\projects\NewFighingVipers\Reference\OriginalAssets\Textures\FightingVipers\Honey\Honey_Master_TextureSet\Main\Hair\S1_Intro_18106013_EF10EDC5.png","256","128","18106013","EF10EDC5","F857034C11ED671E7AFCCB67CA48F950D5C950E5E3DA6555AC49B46E5B5EF084","HistoricalSource/Honey_TextureSet_S1_S3/Hair/S1_Intro_18106013_EF10EDC5.png | HistoricalSource/TEXCACHE_SORTED/Honey_Selected_Textures/Hair/Intro_18106013_EF10EDC5.png | HistoricalSource/Honey_P1P2_MirrorMatch_2224/RawDump/18106013_EF10EDC5.png"
"Hair","9144012","Main","C:\Users\dish\projects\NewFighingVipers\Reference\OriginalAssets\Textures\FightingVipers\Honey\Honey_Master_TextureSet\Main\Hair\S1_Intro_19144012_CBAC6FE1.png","128","128","19144012","CBAC6FE1","687FE2AF998375F69D708D1A1858DA71079DE7B3532A2D06865CE3B062E770D6","HistoricalSource/Honey_TextureSet_S1_S3/Hair/S1_Intro_19144012_CBAC6FE1.png | HistoricalSource/TEXCACHE_SORTED/Honey_Selected_Textures/Hair/Intro_19144012_CBAC6FE1.png | HistoricalSource/Honey_P1P2_MirrorMatch_2224/RawDump/19144012_CBAC6FE1.png"
"Hair","B044012","Main","C:\Users\dish\projects\NewFighingVipers\Reference\OriginalAssets\Textures\FightingVipers\Honey\Honey_Master_TextureSet\Main\Hair\S3_SideAtk_1B044012_E377B60D.png","128","128","1B044012","E377B60D","C50F1FE73FF877AE5AF09B5335D5C202C05BD3008CC5A56FA498F7397A86BEB9","HistoricalSource/Honey_TextureSet_S1_S3/Hair/S3_SideAtk_1B044012_E377B60D.png | HistoricalSource/TEXCACHE_SORTED/Honey_Selected_Textures/Hair/VS_1B044012_E377B60D.png"
"Hair","C00600A","Main","C:\Users\dish\projects\NewFighingVipers\Reference\OriginalAssets\Textures\FightingVipers\Honey\Honey_Master_TextureSet\Main\Hair\C00600A_C582F84.png","128","64","C00600A","C582F84","78DA300BBEB9B073B31794EBA8B7C300DBD15C7B0F249C51D86428DA81139AF9","_IncomingDumpAuto/20260403_135155_787_HoneyRun01_B0001/RawDump/C00600A_C582F84.png | _IncomingDumpAuto/20260403_135346_934_HoneyRun01_B0002/RawDump/C00600A_C582F84.png | _IncomingDumpAuto/20260403_135358_875_HoneyRun01_B0003/RawDump/C00600A_C582F84.png | _IncomingDumpAuto/20260403_135410_330_HoneyRun01_B0004/RawDump/C00600A_C582F84.png | _IncomingDumpAuto/20260403_135441_164_HoneyRun01_B0005/RawDump/C00600A_C582F84.png | _IncomingDumpAuto/20260403_135454_162_HoneyRun01_B0006/RawDump/C00600A_C582F84.png | _IncomingDumpAuto/20260403_135506_147_HoneyRun01_B0007/RawDump/C00600A_C582F84.png | _IncomingDumpAuto/20260403_135546_711_HoneyRun01_B0008/RawDump/C00600A_C582F84.png | _IncomingDumpAuto/20260403_135552_577_HoneyRun01_B0009/RawDump/C00600A_C582F84.png | _IncomingDumpAuto/20260403_135633_687_HoneyRun01_B0010/RawDump/C00600A_C582F84.png | _IncomingDumpAuto/20260403_135709_193_HoneyRun01_B0011/RawDump/C00600A_C582F84.png | _IncomingDumpAuto/20260403_135717_569_HoneyRun01_B0012/RawDump/C00600A_C582F84.png | _IncomingDumpAuto/20260403_135725_951_HoneyRun01_B0013/RawDump/C00600A_C582F84.png"
"Hair","C80600A","Main","C:\Users\dish\projects\NewFighingVipers\Reference\OriginalAssets\Textures\FightingVipers\Honey\Honey_Master_TextureSet\Main\Hair\C80600A_79838537.png","128","64","C80600A","79838537","7CCB78522A23EB82619B7EE8045B9F4BB580C43C2BFBA612A8D97F222F6FB58C","HistoricalSource/TEXCACHE_20260403_BackStandThenKnockdown/C80600A_79838537.png | Resources/M2emulator/TEXCACHE/C80600A_79838537.png"
"Hair","D00600A","Main","C:\Users\dish\projects\NewFighingVipers\Reference\OriginalAssets\Textures\FightingVipers\Honey\Honey_Master_TextureSet\Main\Hair\D00600A_7145C309.png","128","64","D00600A","7145C309","EE30245E525B183195016E000A465FB0F38913404372B6C9359820C39706F39F","HistoricalSource/TEXCACHE_20260403_BackStandThenKnockdown/D00600A_7145C309.png | Resources/M2emulator/TEXCACHE/D00600A_7145C309.png"
"Hair","E84600A","Main","C:\Users\dish\projects\NewFighingVipers\Reference\OriginalAssets\Textures\FightingVipers\Honey\Honey_Master_TextureSet\Main\Hair\1E84600A_D2FAD9E9.png","128","64","1E84600A","D2FAD9E9","2C66059E4F03F3A8553554ACA87C12214A3DF08FE2CC6CF4BF6F6FDCE46FAD8E","_IncomingDumpAuto/20260403_135155_787_HoneyRun01_B0001/RawDump/1E84600A_D2FAD9E9.png | _IncomingDumpAuto/20260403_135346_934_HoneyRun01_B0002/RawDump/1E84600A_D2FAD9E9.png | _IncomingDumpAuto/20260403_135358_875_HoneyRun01_B0003/RawDump/1E84600A_D2FAD9E9.png | _IncomingDumpAuto/20260403_135410_330_HoneyRun01_B0004/RawDump/1E84600A_D2FAD9E9.png | _IncomingDumpAuto/20260403_135441_164_HoneyRun01_B0005/RawDump/1E84600A_D2FAD9E9.png | _IncomingDumpAuto/20260403_135454_162_HoneyRun01_B0006/RawDump/1E84600A_D2FAD9E9.png | _IncomingDumpAuto/20260403_135506_147_HoneyRun01_B0007/RawDump/1E84600A_D2FAD9E9.png | _IncomingDumpAuto/20260403_135546_711_HoneyRun01_B0008/RawDump/1E84600A_D2FAD9E9.png | _IncomingDumpAuto/20260403_135552_577_HoneyRun01_B0009/RawDump/1E84600A_D2FAD9E9.png | _IncomingDumpAuto/20260403_135633_687_HoneyRun01_B0010/RawDump/1E84600A_D2FAD9E9.png | _IncomingDumpAuto/20260403_135709_193_HoneyRun01_B0011/RawDump/1E84600A_D2FAD9E9.png | _IncomingDumpAuto/20260403_135717_569_HoneyRun01_B0012/RawDump/1E84600A_D2FAD9E9.png | _IncomingDumpAuto/20260403_135725_951_HoneyRun01_B0013/RawDump/1E84600A_D2FAD9E9.png | _IncomingDumpAuto/20260403_135855_532_HoneyRun01_B0014/RawDump/1E84600A_D2FAD9E9.png | _IncomingDumpAuto/20260403_135903_463_HoneyRun01_B0015/RawDump/1E84600A_D2FAD9E9.png | _IncomingDumpAuto/20260403_135952_810_HoneyRun01_B0016/RawDump/1E84600A_D2FAD9E9.png | _IncomingDumpAuto/20260403_140027_827_HoneyRun01_B0017/RawDump/1E84600A_D2FAD9E9.png | _IncomingDumpAuto/20260403_140034_279_HoneyRun01_B0018/RawDump/1E84600A_D2FAD9E9.png | _IncomingDumpAuto/20260403_140040_245_HoneyRun01_B0019/RawDump/1E84600A_D2FAD9E9.png | _IncomingDumpAuto/20260403_140046_190_HoneyRun01_B0020/RawDump/1E84600A_D2FAD9E9.png | _IncomingDumpAuto/20260403_140053_656_HoneyRun01_B0021/RawDump/1E84600A_D2FAD9E9.png"
"Ornament","B04600A","Main","C:\Users\dish\projects\NewFighingVipers\Reference\OriginalAssets\Textures\FightingVipers\Honey\Honey_Master_TextureSet\Main\Ornament\S1_Intro_1B04600A_B7E22954.png","128","64","1B04600A","B7E22954","46B02EA1D9DE680FDB4DE3CE6ACC790FBFE0C6CD3664EFE2C33E4167009E92FE","HistoricalSource/Honey_TextureSet_S1_S3/Ornament/S1_Intro_1B04600A_B7E22954.png | HistoricalSource/Honey_TextureSet_S1_S3/Ornament/S3_SideAtk_B04600A_B7E22954.png | HistoricalSource/TEXCACHE_SORTED/Honey_Selected_Textures/Ornament/Intro_1B04600A_B7E22954.png | HistoricalSource/TEXCACHE_SORTED/Honey_Selected_Textures/Ornament/VS_B04600A_B7E22954.png | HistoricalSource/Honey_P1P2_MirrorMatch_2224/RawDump/1B04600A_B7E22954.png | HistoricalSource/Honey_P1P2_MirrorMatch_2224/RawDump/B04600A_B7E22954.png"
"Ornament","B84600A","Main","C:\Users\dish\projects\NewFighingVipers\Reference\OriginalAssets\Textures\FightingVipers\Honey\Honey_Master_TextureSet\Main\Ornament\1B84600A_3C0FDEC1.png","128","64","1B84600A","3C0FDEC1","3B427C4A9026E247BFBFBA2C747E6AA8DF2945402454DDC7777DC01044D00ACC","HistoricalSource/TEXCACHE_20260403_BackStandThenKnockdown/1B84600A_3C0FDEC1.png | Resources/M2emulator/TEXCACHE/1B84600A_3C0FDEC1.png"
